{"stats":{"minecraft:crafted":{"minecraft:brick":65,"minecraft:oak_planks":8,"minecraft:oak_pressure_plate":4,"minecraft:cooked_chicken":9,"minecraft:lightning_rod":1,"paraglider:deku_leaf":1,"minecraft:iron_boots":1,"minecraft:decorated_pot":3,"minecraft:chest":8,"minecraft:stone_hoe":1,"minecraft:flower_pot":2,"minecraft:wooden_shovel":2,"minecraft:cooked_porkchop":19,"minecraft:diamond_axe":1,"minecraft:crafting_table":3,"minecraft:wooden_pickaxe":2,"minecraft:iron_helmet":1,"wardrobe:lantern_on_a_stick":2,"minecraft:copper_ingot":63,"sophisticatedbackpacks:upgrade_base":1,"minecraft:iron_chestplate":1,"minecraft:shield":2,"minecraft:stick":48,"minecraft:iron_ingot":5,"minecraft:iron_pickaxe":2,"minecraft:stone_sword":1,"minecraft:gold_ingot":9,"minecraft:shears":3,"minecraft:wooden_sword":1,"minecraft:iron_nugget":54,"sophisticatedbackpacks:tool_swapper_upgrade":1,"minecraft:furnace":3,"minecraft:scaffolding":126,"minecraft:lantern":6,"minecraft:stone_pickaxe":3,"minecraft:wheat":468,"minecraft:cooked_beef":24,"paraglider:paraglider":1,"sophisticatedbackpacks:advanced_tool_swapper_upgrade":1,"minecraft:iron_sword":1,"minecraft:bucket":2,"minecraft:stone_axe":1,"minecraft:bread":161,"minecraft:acacia_boat":1,"minecraft:air":0,"minecraft:jungle_planks":8,"minecraft:wooden_axe":1,"minecraft:iron_shovel":1,"minecraft:acacia_planks":72,"minecraft:torch":96},"minecraft:broken":{"minecraft:stone_pickaxe":2,"minecraft:stone_axe":1,"minecraft:iron_sword":1,"minecraft:stone_sword":1,"minecraft:iron_pickaxe":3,"minecraft:golden_pickaxe":1},"minecraft:mined":{"minecraft:jungle_leaves":5,"minecraft:granite":15,"minecraft:budding_amethyst":22,"minecraft:acacia_log":18,"minecraft:grass_block":57,"minecraft:jungle_log":4,"minecraft:oak_pressure_plate":3,"minecraft:composter":1,"minecraft:spawner":1,"minecraft:fire":1,"minecraft:iron_ore":22,"minecraft:cobbled_deepslate":15,"minecraft:pumpkin":12,"minecraft:deepslate_lapis_ore":11,"biomesoplenty:hanging_cobweb":1,"minecraft:pointed_dripstone":10,"minecraft:oak_stairs":1,"minecraft:white_banner":1,"minecraft:deepslate_redstone_ore":27,"minecraft:red_bed":6,"biomesoplenty:hanging_cobweb_strand":1,"minecraft:clay":24,"minecraft:torch":4,"minecraft:blast_furnace":1,"minecraft:calcite":2,"minecraft:melon":22,"minecraft:chest":8,"minecraft:glass":4,"minecraft:cobblestone":15,"minecraft:potted_oak_sapling":1,"minecraft:sugar_cane":2,"minecraft:oak_planks":14,"minecraft:wall_torch":20,"minecraft:amethyst_block":141,"minecraft:deepslate_copper_ore":23,"minecraft:seagrass":1,"minecraft:mud":9,"minecraft:wheat":75,"minecraft:grass":168,"minecraft:oak_log":623,"minecraft:dirt":58,"minecraft:smooth_basalt":1,"minecraft:oak_leaves":185,"minecraft:deepslate":112,"create:zinc_ore":8,"minecraft:tuff":2,"minecraft:deepslate_diamond_ore":31,"minecraft:glow_lichen":1,"minecraft:decorated_pot":2,"minecraft:cartography_table":1,"minecraft:large_fern":3,"minecraft:hay_block":152,"minecraft:redstone_ore":1,"minecraft:furnace":6,"minecraft:andesite":11,"minecraft:deepslate_iron_ore":45,"minecraft:cobblestone_slab":1,"minecraft:vine":2,"minecraft:rail":1,"minecraft:stripped_oak_log":1,"minecraft:bamboo":46,"minecraft:stone":289,"sophisticatedbackpacks:backpack":1,"minecraft:podzol":7,"minecraft:acacia_leaves":2,"minecraft:scaffolding":1,"minecraft:oak_fence":2,"minecraft:crafting_table":7,"minecraft:rose_bush":1,"minecraft:stone_slab":1,"minecraft:lightning_rod":2,"minecraft:tall_grass":13,"minecraft:copper_ore":42,"minecraft:lapis_ore":8,"biomesoplenty:sprout":7,"minecraft:deepslate_gold_ore":36,"minecraft:diorite":20,"minecraft:coarse_dirt":16,"minecraft:birch_leaves":15,"minecraft:yellow_bed":1,"minecraft:coal_ore":120,"minecraft:cocoa":36,"minecraft:gravel":4,"minecraft:dripstone_block":8,"biomesoplenty:stringy_cobweb":1,"minecraft:cobweb":43,"minecraft:fern":106},"minecraft:used":{"minecraft:iron_shovel":154,"minecraft:decorated_pot":5,"minecraft:chest":15,"minecraft:shield":37,"minecraft:stone":9,"minecraft:iron_sword":234,"minecraft:rotten_flesh":2,"minecraft:cocoa_beans":99,"minecraft:carrot":2,"minecraft:acacia_sapling":1,"minecraft:glass":6,"minecraft:lantern":4,"minecraft:scaffolding":2,"minecraft:furnace":9,"minecraft:egg":87,"minecraft:diorite":15,"minecraft:birch_leaves":2,"minecraft:stone_pickaxe":304,"minecraft:wooden_pickaxe":28,"minecraft:diamond_axe":743,"minecraft:oak_leaves":30,"minecraft:golden_hoe":7,"minecraft:shears":43,"minecraft:lightning_rod":3,"minecraft:melon_slice":17,"minecraft:bread":69,"minecraft:oak_pressure_plate":7,"minecraft:deepslate":12,"minecraft:gravel":3,"minecraft:grindstone":1,"minecraft:andesite":11,"minecraft:oak_boat":2,"minecraft:golden_pickaxe":32,"minecraft:oak_fence":2,"minecraft:stone_sword":113,"minecraft:stone_hoe":101,"minecraft:torch":202,"minecraft:dirt":67,"minecraft:granite":9,"minecraft:oak_stairs":1,"minecraft:jungle_log":1,"minecraft:bamboo":28,"minecraft:cooked_beef":12,"minecraft:cobbled_deepslate":105,"minecraft:wheat_seeds":76,"minecraft:acacia_boat":1,"minecraft:baked_potato":4,"minecraft:cartography_table":1,"minecraft:cobblestone_slab":1,"minecraft:crafting_table":7,"minecraft:red_bed":6,"minecraft:oak_log":16,"minecraft:flower_pot":3,"minecraft:apple":8,"minecraft:iron_pickaxe":732,"minecraft:map":1,"minecraft:stone_axe":123,"minecraft:cobblestone":161,"minecraft:white_banner":1,"minecraft:cooked_porkchop":3,"minecraft:bucket":2,"minecraft:yellow_bed":1,"alexsmobs:animal_dictionary":1},"minecraft:killed":{"minecraft:cave_spider":4,"minecraft:spider":2,"grimoireofgaia:minotaurus":1,"minecraft:skeleton":14,"alexsmobs:leafcutter_ant":1,"minecraft:chicken":8,"minecraft:parrot":1,"minecraft:pig":4,"minecraft:creeper":3,"minecraft:zombie":25,"alexsmobs:komodo_dragon":1,"minecraft:cow":11,"grimoireofgaia:shaman":1,"minecraft:enderman":1},"minecraft:picked_up":{"minecraft:wheat":77,"minecraft:flower_pot":1,"minecraft:lead":2,"minecraft:oak_stairs":1,"minecraft:amethyst_block":367,"minecraft:string":167,"alexsmobs:ancient_dart":2,"minecraft:raw_copper":278,"paraglider:deku_leaf":2,"minecraft:gold_nugget":5,"minecraft:cobbled_deepslate":198,"minecraft:rose_bush":1,"minecraft:cobblestone_slab":2,"minecraft:calcite":5,"minecraft:wooden_shovel":1,"minecraft:iron_pickaxe":1,"minecraft:melon_slice":155,"minecraft:furnace":6,"minecraft:stick":16,"minecraft:jungle_door":1,"minecraft:composter":1,"minecraft:oak_fence":7,"minecraft:torch":115,"minecraft:acacia_log":18,"minecraft:porkchop":8,"minecraft:lightning_rod":2,"tombstone:grave_dust":1,"minecraft:pointed_dripstone":36,"minecraft:diorite":28,"minecraft:stone_sword":2,"minecraft:rotten_flesh":36,"minecraft:obsidian":3,"minecraft:cobblestone":795,"minecraft:feather":22,"minecraft:cooked_beef":10,"minecraft:andesite":11,"minecraft:water_bucket":1,"minecraft:jungle_log":4,"minecraft:tuff":2,"create:raw_zinc":6,"minecraft:acacia_boat":2,"minecraft:lapis_lazuli":238,"minecraft:dirt":389,"minecraft:glass":4,"minecraft:bone":14,"minecraft:acacia_planks":67,"minecraft:bow":2,"minecraft:wheat_seeds":345,"minecraft:raw_gold":57,"minecraft:bamboo":728,"minecraft:oak_planks":20,"minecraft:cooked_porkchop":19,"minecraft:oak_pressure_plate":3,"minecraft:jungle_planks":10,"minecraft:diamond":55,"minecraft:deepslate":12,"minecraft:granite":21,"minecraft:golden_apple":1,"minecraft:bread":61,"minecraft:emerald":2,"minecraft:oak_sapling":39,"minecraft:oak_leaves":34,"minecraft:cocoa_beans":117,"minecraft:mud":18,"minecraft:coarse_dirt":11,"minecraft:crafting_table":8,"minecraft:chicken":16,"minecraft:clay_ball":96,"minecraft:wooden_pickaxe":1,"minecraft:shield":1,"minecraft:red_bed":6,"minecraft:item_frame":1,"minecraft:cartography_table":1,"minecraft:beef":24,"minecraft:oak_boat":4,"minecraft:jungle_sapling":1,"minecraft:iron_nugget":4,"minecraft:sugar_cane":28,"minecraft:chest":8,"minecraft:egg":211,"minecraft:raw_iron":88,"grimoireofgaia:meat":2,"minecraft:stone":9,"minecraft:copper_ingot":91,"sophisticatedbackpacks:backpack":1,"minecraft:carrot":4,"minecraft:redstone":193,"minecraft:arrow":20,"minecraft:decorated_pot":2,"minecraft:hay_block":160,"minecraft:saddle":1,"minecraft:gold_ingot":2,"minecraft:rail":8,"minecraft:stripped_oak_log":1,"minecraft:birch_leaves":2,"minecraft:clock":1,"minecraft:leather":36,"minecraft:filled_map":1,"minecraft:oak_log":623,"minecraft:yellow_bed":1,"minecraft:gunpowder":6,"minecraft:white_banner":1,"minecraft:podzol":12,"minecraft:apple":8,"minecraft:iron_ingot":69,"minecraft:iron_sword":2,"minecraft:acacia_sapling":1,"minecraft:scaffolding":2,"minecraft:oak_slab":18,"minecraft:smooth_basalt":3,"minecraft:pumpkin":24,"minecraft:dripstone_block":8,"minecraft:gravel":6,"minecraft:amethyst_shard":4,"minecraft:blast_furnace":1,"minecraft:spider_eye":5,"evilcraft:dark_gem":4,"grimoireofgaia:rotten_heart":2,"minecraft:baked_potato":4,"tombstone:magic_scroll":1,"minecraft:melon_seeds":2,"minecraft:coal":269,"minecraft:ender_pearl":2},"minecraft:dropped":{"minecraft:iron_sword":1,"minecraft:cooked_beef":12,"minecraft:diamond":2,"minecraft:jungle_planks":2,"minecraft:dirt":14,"wardrobe:lantern_on_a_stick":1,"minecraft:bone":3,"minecraft:rotten_flesh":16,"minecraft:carrot":1,"paraglider:deku_leaf":2,"minecraft:jungle_log":1,"minecraft:arrow":3,"minecraft:glass":1,"minecraft:egg":3,"minecraft:bread":78,"minecraft:wheat_seeds":10,"grimoireofgaia:rotten_heart":1,"minecraft:stick":14,"minecraft:rose_bush":1,"minecraft:string":2,"minecraft:acacia_planks":33,"minecraft:coarse_dirt":11,"minecraft:stripped_oak_log":1,"minecraft:cobblestone_slab":1,"minecraft:shield":1,"minecraft:oak_sapling":32,"minecraft:wooden_shovel":2,"minecraft:spider_eye":1,"minecraft:bamboo":24,"minecraft:wooden_pickaxe":1},"minecraft:custom":{"minecraft:animals_bred":40,"minecraft:interact_with_crafting_table":50,"minecraft:time_since_death":394134,"minecraft:leave_game":23,"minecraft:sprint_one_cm":1296384,"minecraft:damage_blocked_by_shield":1445,"minecraft:drop":45,"minecraft:play_time":394134,"minecraft:jump":5973,"minecraft:walk_on_water_one_cm":38450,"minecraft:interact_with_furnace":46,"minecraft:interact_with_cartography_table":4,"minecraft:sleep_in_bed":20,"minecraft:waystone_activated":2,"minecraft:damage_dealt":12394,"minecraft:crouch_one_cm":19588,"tombstone:undead_killed":3,"minecraft:mob_kills":78,"minecraft:damage_dealt_resisted":72,"minecraft:climb_one_cm":8325,"minecraft:walk_one_cm":1019549,"minecraft:sneak_time":8210,"minecraft:walk_under_water_one_cm":23036,"minecraft:boat_one_cm":98175,"minecraft:total_world_time":394134,"minecraft:pot_flower":3,"minecraft:time_since_rest":71959,"minecraft:damage_taken":3369,"minecraft:swim_one_cm":83168,"minecraft:fly_one_cm":1081668,"minecraft:open_chest":213,"minecraft:fall_one_cm":130080}},"DataVersion":3465}