{"stats":{"minecraft:picked_up":{"minecraft:cocoa_beans":12,"minecraft:mud":1,"minecraft:crafting_table":24,"minecraft:wheat":5,"minecraft:chicken":1,"minecraft:oak_stairs":230,"minecraft:shield":1,"minecraft:amethyst_block":91,"minecraft:string":40,"minecraft:red_bed":4,"minecraft:cobbled_deepslate":244,"minecraft:beef":2,"minecraft:oak_boat":1,"minecraft:calcite":1,"minecraft:jungle_sapling":1,"minecraft:iron_pickaxe":1,"minecraft:sugar_cane":14,"minecraft:furnace":1,"minecraft:egg":1,"minecraft:stick":38,"minecraft:raw_iron":103,"minecraft:oak_fence":33,"minecraft:torch":41,"minecraft:acacia_log":3,"minecraft:porkchop":12,"minecraft:diorite":1,"minecraft:redstone":14,"minecraft:orange_bed":2,"minecraft:arrow":11,"minecraft:rotten_flesh":4,"minecraft:hay_block":17,"minecraft:cobblestone":2847,"minecraft:feather":2,"minecraft:cooked_beef":12,"minecraft:andesite":3,"minecraft:jungle_log":4,"minecraft:leather":1,"minecraft:flint":22,"minecraft:oak_log":418,"minecraft:gunpowder":3,"minecraft:lapis_lazuli":34,"minecraft:dirt":2479,"minecraft:white_banner":1,"minecraft:bone":4,"minecraft:apple":12,"minecraft:bow":1,"minecraft:wheat_seeds":88,"minecraft:grindstone":1,"minecraft:bamboo":102,"minecraft:oak_planks":99,"minecraft:oak_slab":77,"minecraft:smooth_basalt":1,"minecraft:gravel":100,"minecraft:sand":578,"minecraft:amethyst_shard":4,"minecraft:diamond":10,"minecraft:granite":54,"minecraft:bread":48,"minecraft:oak_sapling":30,"minecraft:coal":310},"minecraft:mined":{"minecraft:deepslate_diamond_ore":8,"minecraft:jungle_leaves":40,"minecraft:granite":53,"minecraft:acacia_log":3,"minecraft:grass_block":1320,"minecraft:jungle_log":4,"minecraft:spawner":2,"minecraft:hay_block":15,"minecraft:redstone_ore":3,"minecraft:furnace":1,"minecraft:cobbled_deepslate":49,"minecraft:iron_ore":78,"minecraft:andesite":3,"minecraft:deepslate_lapis_ore":6,"minecraft:vine":7,"minecraft:deepslate_iron_ore":27,"minecraft:oak_stairs":233,"minecraft:bamboo":9,"minecraft:stone":3390,"minecraft:orange_bed":2,"minecraft:oak_slab":77,"minecraft:red_bed":4,"minecraft:amethyst_cluster":1,"minecraft:crafting_table":24,"minecraft:oak_fence":33,"minecraft:torch":20,"minecraft:calcite":1,"minecraft:glass":8,"minecraft:tall_grass":28,"minecraft:cobblestone":4,"minecraft:grindstone":1,"minecraft:oak_planks":99,"minecraft:sugar_cane":6,"minecraft:diorite":1,"minecraft:wall_torch":9,"minecraft:amethyst_block":88,"minecraft:mud":1,"minecraft:wheat":6,"minecraft:birch_leaves":1,"minecraft:grass":434,"minecraft:oak_log":418,"minecraft:coal_ore":311,"minecraft:cocoa":4,"minecraft:gravel":108,"minecraft:sand":579,"minecraft:dirt":1211,"minecraft:cobweb":50,"minecraft:smooth_basalt":1,"minecraft:oak_leaves":63,"minecraft:deepslate":202,"minecraft:fern":45},"minecraft:used":{"minecraft:oak_fence":322,"minecraft:stone_sword":90,"minecraft:iron_shovel":2867,"minecraft:stone_shovel":265,"minecraft:oak_sign":1,"minecraft:chest":2,"minecraft:shield":40,"minecraft:stone":34,"minecraft:iron_sword":72,"minecraft:rotten_flesh":2,"minecraft:orange_bed":2,"minecraft:torch":245,"minecraft:dirt":1003,"minecraft:granite":6,"minecraft:glass":418,"minecraft:iron_axe":666,"minecraft:oak_stairs":669,"minecraft:barrel":2,"minecraft:hay_block":1,"minecraft:furnace":4,"minecraft:cooked_beef":14,"minecraft:cobbled_deepslate":166,"minecraft:stone_pickaxe":712,"minecraft:oak_planks":693,"minecraft:wooden_pickaxe":29,"minecraft:sand":2,"minecraft:oak_slab":273,"minecraft:crafting_table":27,"minecraft:red_bed":4,"minecraft:oak_log":58,"minecraft:mud":1,"minecraft:apple":11,"minecraft:bread":64,"minecraft:iron_pickaxe":3498,"minecraft:stone_axe":253,"minecraft:cobblestone":65,"minecraft:white_banner":1,"minecraft:jungle_door":2,"minecraft:oak_boat":1},"minecraft:crafted":{"minecraft:oak_planks":2332,"minecraft:stone_shovel":2,"minecraft:barrel":2,"minecraft:oak_sign":3,"minecraft:furnace":3,"minecraft:stone":64,"minecraft:glass":540,"minecraft:iron_axe":3,"minecraft:stone_pickaxe":6,"minecraft:chest":2,"minecraft:oak_fence":309,"minecraft:cooked_beef":2,"minecraft:oak_slab":264,"minecraft:crafting_table":4,"minecraft:wooden_pickaxe":3,"minecraft:iron_sword":1,"minecraft:copper_ingot":31,"minecraft:stone_axe":3,"minecraft:air":0,"minecraft:jungle_planks":16,"minecraft:oak_boat":1,"minecraft:jungle_door":3,"minecraft:stick":348,"minecraft:iron_ingot":112,"minecraft:iron_pickaxe":15,"minecraft:oak_stairs":456,"minecraft:stone_sword":3,"minecraft:iron_shovel":12,"minecraft:acacia_planks":12,"minecraft:torch":252},"minecraft:custom":{"minecraft:mob_kills":30,"minecraft:interact_with_crafting_table":95,"minecraft:open_barrel":6,"minecraft:leave_game":4,"minecraft:time_since_death":505738,"minecraft:climb_one_cm":10656,"minecraft:sprint_one_cm":1024827,"minecraft:walk_one_cm":1873869,"minecraft:damage_blocked_by_shield":1215,"minecraft:drop":35,"minecraft:talked_to_villager":3,"minecraft:play_time":505738,"minecraft:sneak_time":25409,"minecraft:walk_under_water_one_cm":15400,"minecraft:boat_one_cm":65108,"minecraft:jump":5822,"minecraft:interact_with_blast_furnace":1,"minecraft:walk_on_water_one_cm":31881,"minecraft:total_world_time":505738,"minecraft:interact_with_furnace":103,"minecraft:interact_with_cartography_table":4,"minecraft:interact_with_grindstone":1,"minecraft:sleep_in_bed":31,"minecraft:time_since_rest":28429,"minecraft:damage_taken":2635,"minecraft:damage_dealt":5573,"minecraft:swim_one_cm":19910,"minecraft:fly_one_cm":798904,"minecraft:open_chest":170,"minecraft:crouch_one_cm":75784,"minecraft:fall_one_cm":134174},"minecraft:killed":{"minecraft:cave_spider":3,"minecraft:skeleton":9,"minecraft:chicken":1,"minecraft:pig":5,"minecraft:creeper":3,"minecraft:pillager":2,"minecraft:zombie":6,"minecraft:cow":1},"minecraft:broken":{"minecraft:iron_shovel":11,"minecraft:stone_sword":1,"minecraft:stone_pickaxe":5,"minecraft:iron_axe":2,"minecraft:stone_axe":1,"minecraft:iron_pickaxe":13,"minecraft:stone_shovel":2},"minecraft:dropped":{"minecraft:porkchop":1,"minecraft:diamond":2,"minecraft:cobblestone":75,"minecraft:granite":4,"minecraft:flint":8,"minecraft:dirt":208,"minecraft:torch":90,"minecraft:iron_pickaxe":2,"minecraft:gravel":17,"minecraft:stone_axe":1,"minecraft:stone_sword":1,"minecraft:raw_iron":2,"minecraft:rotten_flesh":1,"minecraft:oak_sapling":10,"minecraft:wooden_pickaxe":2}},"DataVersion":3578}